{
	"credit": "Made with Blockbench",
	"parent": "block/block",
	"textures": {
		"0": "bricks",
		"1": "vhauledr:block/black",
		"particle": "bricks"
	},
	"elements": [
		{
			"from": [0, 8, 0],
			"to": [16, 16, 16],
			"faces": {
				"north": {"uv": [0, 0, 16, 8], "texture": "#0"},
				"east": {"uv": [0, 0, 16, 8], "texture": "#0"},
				"south": {"uv": [0, 0, 16, 8], "texture": "#0"},
				"west": {"uv": [0, 0, 16, 8], "texture": "#0"},
				"up": {"uv": [0, 0, 16, 16], "texture": "#0"},
				"down": {"uv": [0, 0, 16, 16], "texture": "#0"}
			}
		},
		{
			"from": [0, 0, 0],
			"to": [16, 3.75, 16],
			"rotation": {"angle": 0, "axis": "y", "origin": [0, -8, 0]},
			"faces": {
				"north": {"uv": [0, 0, 16, 3.75], "texture": "#0"},
				"east": {"uv": [0, 0, 15, 3.75], "texture": "#0"},
				"south": {"uv": [0, 0, 16, 3.75], "texture": "#0"},
				"west": {"uv": [0, 0, 16, 3.75], "texture": "#0"},
				"up": {"uv": [0, 0, 16, 16], "texture": "#0"},
				"down": {"uv": [0, 0, 16, 16], "texture": "#0"}
			}
		},
		{
			"from": [0, 3.75, 0],
			"to": [16, 8, 11.25],
			"rotation": {"angle": 0, "axis": "y", "origin": [0, -8, 0]},
			"faces": {
				"north": {"uv": [0, 0, 16, 4.25], "texture": "#0"},
				"east": {"uv": [0, 0, 11.25, 4.25], "texture": "#0"},
				"south": {"uv": [0, 0, 16, 4.25], "texture": "#0"},
				"west": {"uv": [0, 0, 11.25, 4.25], "texture": "#0"},
				"up": {"uv": [0, 0, 16, 11.25], "texture": "#0"},
				"down": {"uv": [0, 0, 16, 11.25], "texture": "#0"}
			}
		},
		{
			"from": [0, 3.75, 11.25],
			"to": [4, 8, 16],
			"rotation": {"angle": 0, "axis": "y", "origin": [0, -8, 0]},
			"faces": {
				"north": {"uv": [0, 0, 4, 4.25], "texture": "#0"},
				"east": {"uv": [0, 0, 4.75, 4.25], "texture": "#0"},
				"south": {"uv": [0, 0, 4, 4.25], "texture": "#0"},
				"west": {"uv": [0, 0, 4.75, 4.25], "texture": "#0"},
				"up": {"uv": [0, 0, 4, 4.75], "texture": "#0"},
				"down": {"uv": [0, 0, 4, 4.75], "texture": "#0"}
			}
		},
		{
			"from": [12, 3.75, 11.25],
			"to": [16, 8, 16],
			"rotation": {"angle": 0, "axis": "y", "origin": [12, -8, 0]},
			"faces": {
				"north": {"uv": [0, 0, 4, 4.25], "texture": "#0"},
				"east": {"uv": [0, 0, 4.75, 4.25], "texture": "#0"},
				"south": {"uv": [0, 0, 4, 4.25], "texture": "#0"},
				"west": {"uv": [0, 0, 4.75, 4.25], "texture": "#0"},
				"up": {"uv": [0, 0, 4, 4.75], "texture": "#0"},
				"down": {"uv": [0, 0, 4, 4.75], "texture": "#0"}
			}
		},
		{
			"from": [4, 3.75, 11.25],
			"to": [12, 8, 13.5],
			"rotation": {"angle": 0, "axis": "y", "origin": [6, -8, 0]},
			"faces": {
				"north": {"uv": [0, 0, 8, 4.25], "texture": "#0"},
				"east": {"uv": [0, 0, 2.25, 4.25], "texture": "#0"},
				"south": {"uv": [0, 0, 8, 4.25], "texture": "#1"},
				"west": {"uv": [0, 0, 2.25, 4.25], "texture": "#0"},
				"up": {"uv": [0, 0, 8, 2.25], "texture": "#0"},
				"down": {"uv": [0, 0, 8, 2.25], "texture": "#0"}
			}
		},
		{
			"from": [1.25, 19.75, 1.25],
			"to": [14.75, 24.25, 5.5],
			"rotation": {"angle": 0, "axis": "y", "origin": [0, 3.75, 0]},
			"faces": {
				"north": {"uv": [0, 0, 13.5, 4.5], "texture": "#0"},
				"east": {"uv": [0, 0, 4.25, 4.5], "texture": "#0"},
				"south": {"uv": [0, 0, 13.5, 4.5], "texture": "#0"},
				"west": {"uv": [0, 0, 4.25, 4.5], "texture": "#0"},
				"up": {"uv": [0, 0, 13.5, 4.25], "texture": "#0"},
				"down": {"uv": [0, 0, 13.5, 4.25], "texture": "#missing"}
			}
		},
		{
			"from": [2.5, 19.75, 5],
			"to": [13.25, 22.5, 11],
			"rotation": {"angle": 0, "axis": "y", "origin": [0, 3.75, 4.75]},
			"faces": {
				"north": {"uv": [0, 0, 10.75, 2.75], "texture": "#missing"},
				"east": {"uv": [0, 0, 6, 2.75], "texture": "#missing"},
				"south": {"uv": [0, 0, 10.75, 2.75], "texture": "#missing"},
				"west": {"uv": [0, 0, 6, 2.75], "texture": "#missing"},
				"up": {"uv": [0, 0, 10.75, 6], "texture": "#1"},
				"down": {"uv": [0, 0, 10.75, 6], "texture": "#missing"}
			}
		},
		{
			"from": [1.25, 19.75, 10.5],
			"to": [14.75, 24.25, 14.75],
			"rotation": {"angle": 0, "axis": "y", "origin": [0, 3.75, 9.25]},
			"faces": {
				"north": {"uv": [0.25, 0.25, 13.75, 4.75], "texture": "#0"},
				"east": {"uv": [1.25, 0.25, 5.5, 4.75], "texture": "#0"},
				"south": {"uv": [2.25, 0.25, 15.75, 4.75], "texture": "#0"},
				"west": {"uv": [3.25, 0.25, 7.5, 4.75], "texture": "#0"},
				"up": {"uv": [0, 0, 13.5, 4.25], "texture": "#0"},
				"down": {"uv": [5.25, 0.25, 5.75, 0.75], "texture": "#1"}
			}
		},
		{
			"from": [0.5, 16, 0.5],
			"to": [15.5, 19.75, 15.5],
			"rotation": {"angle": 0, "axis": "y", "origin": [0, 0, 9.25]},
			"faces": {
				"north": {"uv": [0.25, 0.25, 15.25, 4], "texture": "#0"},
				"east": {"uv": [1, 0.25, 16, 4], "texture": "#0"},
				"south": {"uv": [1, 0.25, 16, 4], "texture": "#0"},
				"west": {"uv": [1, 0.25, 16, 4], "texture": "#0"},
				"up": {"uv": [0, 0, 13.5, 4.25], "texture": "#0"},
				"down": {"uv": [5.25, 0.25, 5.75, 0.75], "texture": "#1"}
			}
		},
		{
			"from": [11.5, 19.75, 5.5],
			"to": [14.75, 24.25, 10.5],
			"rotation": {"angle": 0, "axis": "y", "origin": [0, 3.75, 4.5]},
			"faces": {
				"north": {"uv": [0, 0, 3.25, 4.5], "texture": "#missing"},
				"east": {"uv": [0, 0, 5, 4.5], "texture": "#0"},
				"south": {"uv": [0, 0, 3.25, 4.5], "texture": "#missing"},
				"west": {"uv": [0, 0, 5, 4.5], "texture": "#0"},
				"up": {"uv": [0, 0, 3.25, 5], "texture": "#0"},
				"down": {"uv": [0, 0, 3.25, 5], "texture": "#missing"}
			}
		},
		{
			"from": [1.25, 19.75, 5.5],
			"to": [4.5, 24.25, 10.5],
			"rotation": {"angle": 0, "axis": "y", "origin": [-10.25, 3.75, 4.5]},
			"faces": {
				"north": {"uv": [0, 0, 3.25, 4.5], "texture": "#missing"},
				"east": {"uv": [0, 0, 5, 4.5], "texture": "#0"},
				"south": {"uv": [0, 0, 3.25, 4.5], "texture": "#missing"},
				"west": {"uv": [0, 0, 5, 4.5], "texture": "#0"},
				"up": {"uv": [0, 0, 3.25, 5], "texture": "#0"},
				"down": {"uv": [0, 0, 3.25, 5], "texture": "#missing"}
			}
		}
	],
	"groups": [
		{
			"name": "group",
			"origin": [8, 8, 8],
			"color": 0,
			"children": [0, 1, 2, 3, 4, 5, 6, 7, 8, 9, 10, 11]
		}
	]
}