{
  "type": "minecraft:block",
  "pools": [
    {
      "bonus_rolls": 0,
      "entries": [
        {
          "type": "minecraft:alternatives",
          "children": [
            {
              "type": "minecraft:item",
              "functions": [
                {
                  "function": "minecraft:explosion_decay"
                }
              ],
              "name": "minecraft:raw_iron",
              "conditions": [
                {
                  "condition": "minecraft:any_of",
                  "terms": [
                    {
                      "condition": "minecraft:match_tool",
                      "predicate": {
                        "items": [
                          "minecraft:diamond_pickaxe",
                          "minecraft:netherite_pickaxe",
                          "minecraft:iron_pickaxe"
                        ]
                      }
                    },
                    {
                      "condition": "minecraft:match_tool",
                      "predicate": {
                        "items": "minecraft:stone_pickaxe",
                        "components": {
                          "minecraft:item_model": "vhauledr:bronze_pickaxe"
                        }
                      }
                    }
                  ]
                }
              ]
            }
          ],
          "conditions": []
        }
      ],
      "rolls": 1,
      "conditions": []
    }
  ],
  "random_sequence": "minecraft:blocks/iron_ore"
}