{
  "type": "minecraft:block",
  "pools": [
    {
      "bonus_rolls": 0,
      "conditions": [
        {
          "condition": "minecraft:survives_explosion"
        }
      ],
      "entries": [
        {
          "type": "minecraft:item",
          "name": "minecraft:stone_button",
          "functions": [
            {
              "function": "minecraft:set_components",
              "components": {
                "minecraft:item_model": "vhauledr:hard_rock",
                "item_name" : "Hard Rock"
              }
            },
            {
              "function": "minecraft:set_lore",
              "lore": [
                "VintageHauled"
              ],
              "mode": "replace_all"
            },
            {
              "function": "minecraft:set_attributes",
              "modifiers": [
                {
                  "attribute": "minecraft:attack_damage",
                  "id": "minecraft:",
                  "amount": 0.5,
                  "operation": "add_value",
                  "slot": "mainhand"
                }
              ]
            }
          ],
          "conditions": [
            {
              "condition": "minecraft:survives_explosion"
            },
            {
              "condition": "minecraft:table_bonus",
              "enchantment": "minecraft:fortune",
              "chances": [
                0.7,
                0.74,
                0.8,
                0.94,
                1
              ]
            }
          ]
        },
        {
          "type": "minecraft:item",
          "name": "minecraft:dirt"
        }
      ],
      "rolls": 1
    }
  ],
  "random_sequence": "minecraft:blocks/dirt"
}
