{
  "type": "minecraft:block",
  "pools": [
    {
      "bonus_rolls": 0,
      "conditions": [
        {
          "condition": "minecraft:survives_explosion"
        }
      ],
      "entries": [
        {
          "type": "minecraft:item",
          "name": "minecraft:raw_copper",
          "functions": [
            {
              "function": "minecraft:set_count",
              "count": 1,
              "add": false
            }
          ],
          "conditions": [
            {
              "condition": "minecraft:match_tool",
              "predicate": {
                "items": "minecraft:wooden_pickaxe",
                "components": {
                  "minecraft:item_model": "vhauledr:chisel_pick"
                }
              }
            }
          ]
        },
        {
          "type": "minecraft:item",
          "name": "minecraft:granite"
        }
      ],
      "rolls": 1
    }
  ],
  "random_sequence": "minecraft:blocks/granite"
}