{
  "type": "minecraft:block",
  "pools": [
    {
      "bonus_rolls": 0,
      "conditions": [],
      "entries": [
        {
          "type": "minecraft:item",
          "name": "minecraft:string",
          "functions": [
            {
              "function": "minecraft:set_components",
              "components": {
                "minecraft:item_model": "vhauledr:sea_rope"
              }
            },
            {
              "function": "minecraft:set_lore",
              "lore": [
                {
                  "text": "Works as string.",
                  "color": "white",
                  "italic": false
                }
              ],
              "mode": "replace_all",
              "conditions": []
            },
            {
              "function": "minecraft:set_name",
              "name": {
                "text": "Sea Rope",
                "italic": false
              }
            }
          ],
          "conditions": []
        },
        {
          "type": "minecraft:item",
          "name": "minecraft:seagrass",
          "conditions": [
            {
              "condition": "minecraft:match_tool",
              "predicate": {
                "items": "minecraft:shears"
              }
            }
          ]
        }
      ],
      "rolls": 1
    }
  ],
  "random_sequence": "minecraft:blocks/seagrass"
}