{
  "display": {
    "icon": {
      "id": "copper_ingot"
    },
    "title": "The Copper Age",
    "description": "Obtain a Copper Ingot",
    "frame": "task",
    "show_toast": true,
    "announce_to_chat": true
  },
  "parent": "minecraft:adventure/root",
  "criteria": {
    "string": {
      "trigger": "minecraft:inventory_changed",
      "conditions": {
        "items": [
          {
            "items": "minecraft:copper_ingot"
          }
        ]
      }
    }
  },
  "rewards": {
    "recipes": [
      "minecraft:copper_dagger",
      "minecraft:copper_pickaxe_head",
      "minecraft:copper_axe_head",
      "minecraft:copper_hoe_head",
      "minecraft:copper_shovel_head",
      "minecraft:copper_hammer_head",
      "minecraft:copper_claw_hammer_head",
      "minecraft:copper_plate",
      "minecraft:crafting_table"
    ]
  },
  "sends_telemetry_event": true
}
