{
	"credit": "Made with Blockbench",
	"textures": {
		"layer0": "vhauledr:item/rocket_pg_launcher"
	},
	"elements": [
		{
			"from": [7.5, 2, 6],
			"to": [8.5, 2.25, 7.25],
			"rotation": {"angle": 0, "axis": "y", "origin": [8, 2, 6.5]},
			"faces": {
				"north": {"uv": [4.25, 5.25, 4.75, 5.75], "texture": "#layer0"},
				"east": {"uv": [5.25, 5.25, 5.75, 5.75], "texture": "#layer0"},
				"south": {"uv": [6.25, 5.25, 6.75, 5.75], "texture": "#layer0"},
				"west": {"uv": [7.25, 5.25, 7.75, 5.75], "texture": "#layer0"},
				"up": {"uv": [8.25, 5.25, 8.75, 5.75], "texture": "#layer0"},
				"down": {"uv": [9.25, 5.25, 9.75, 5.75], "texture": "#layer0"}
			}
		},
		{
			"from": [7.5, 2, 5.75],
			"to": [8.5, 4, 6],
			"rotation": {"angle": 0, "axis": "y", "origin": [6.5, 2, 5]},
			"faces": {
				"north": {"uv": [14.25, 4.25, 14.75, 4.75], "texture": "#layer0"},
				"east": {"uv": [15.25, 4.25, 15.75, 4.75], "texture": "#layer0"},
				"south": {"uv": [0.25, 5.25, 0.75, 5.75], "texture": "#layer0"},
				"west": {"uv": [1.25, 5.25, 1.75, 5.75], "texture": "#layer0"},
				"up": {"uv": [2.25, 5.25, 2.75, 5.75], "texture": "#layer0"},
				"down": {"uv": [3.25, 5.25, 3.75, 5.75], "texture": "#layer0"}
			}
		},
		{
			"from": [7.75, 2.75, 6.25],
			"to": [8.25, 4, 7],
			"rotation": {"angle": 0, "axis": "x", "origin": [7, 2, 4.5]},
			"faces": {
				"north": {"uv": [8.25, 4.25, 8.75, 4.75], "texture": "#layer0"},
				"east": {"uv": [9.25, 4.25, 9.75, 4.75], "texture": "#layer0"},
				"south": {"uv": [10.25, 4.25, 10.75, 4.75], "texture": "#layer0"},
				"west": {"uv": [11.25, 4.25, 11.75, 4.75], "texture": "#layer0"},
				"up": {"uv": [12.25, 4.25, 12.75, 4.75], "texture": "#layer0"},
				"down": {"uv": [13.25, 4.25, 13.75, 4.75], "texture": "#layer0"}
			}
		},
		{
			"from": [7.5, 0, 7],
			"to": [8.5, 4, 9],
			"rotation": {"angle": 0, "axis": "y", "origin": [7, 2, 6]},
			"faces": {
				"north": {"uv": [2.25, 4.25, 2.75, 4.75], "texture": "#layer0"},
				"east": {"uv": [3.25, 4.25, 3.75, 4.75], "texture": "#layer0"},
				"south": {"uv": [4.25, 4.25, 4.75, 4.75], "texture": "#layer0"},
				"west": {"uv": [5.25, 4.25, 5.75, 4.75], "texture": "#layer0"},
				"up": {"uv": [6.25, 4.25, 6.75, 4.75], "texture": "#layer0"},
				"down": {"uv": [7.25, 4.25, 7.75, 4.75], "texture": "#layer0"}
			}
		},
		{
			"from": [7.75, 1, 11],
			"to": [8.5, 4, 13],
			"rotation": {"angle": 0, "axis": "y", "origin": [7, 2, 10]},
			"faces": {
				"north": {"uv": [12.25, 3.25, 12.75, 3.75], "texture": "#layer0"},
				"east": {"uv": [13.25, 3.25, 13.75, 3.75], "texture": "#layer0"},
				"south": {"uv": [14.25, 3.25, 14.75, 3.75], "texture": "#layer0"},
				"west": {"uv": [15.25, 3.25, 15.75, 3.75], "texture": "#layer0"},
				"up": {"uv": [0.25, 4.25, 0.75, 4.75], "texture": "#layer0"},
				"down": {"uv": [1.25, 4.25, 1.75, 4.75], "texture": "#layer0"}
			}
		},
		{
			"from": [6.75, 3.75, 13.75],
			"to": [9.25, 6.25, 15],
			"rotation": {"angle": 0, "axis": "y", "origin": [7, 4, 13]},
			"faces": {
				"north": {"uv": [6.25, 3.25, 6.75, 3.75], "texture": "#layer0"},
				"east": {"uv": [7.25, 3.25, 7.75, 3.75], "texture": "#layer0"},
				"south": {"uv": [8.25, 3.25, 8.75, 3.75], "texture": "#layer0"},
				"west": {"uv": [9.25, 3.25, 9.75, 3.75], "texture": "#layer0"},
				"up": {"uv": [10.25, 3.25, 10.75, 3.75], "texture": "#layer0"},
				"down": {"uv": [11.25, 3.25, 11.75, 3.75], "texture": "#layer0"}
			}
		},
		{
			"from": [6.5, 3.5, 15],
			"to": [9.5, 6.5, 16],
			"rotation": {"angle": 0, "axis": "y", "origin": [7, 4, 14]},
			"faces": {
				"north": {"uv": [0.25, 3.25, 0.75, 3.75], "texture": "#layer0"},
				"east": {"uv": [1.25, 3.25, 1.75, 3.75], "texture": "#layer0"},
				"south": {"uv": [2.25, 3.25, 2.75, 3.75], "texture": "#layer0"},
				"west": {"uv": [3.25, 3.25, 3.75, 3.75], "texture": "#layer0"},
				"up": {"uv": [4.25, 3.25, 4.75, 3.75], "texture": "#layer0"},
				"down": {"uv": [5.25, 3.25, 5.75, 3.75], "texture": "#layer0"}
			}
		},
		{
			"from": [7.5, 6, 9],
			"to": [8.5, 6.5, 12],
			"rotation": {"angle": 0, "axis": "y", "origin": [7.5, 4, 22]},
			"faces": {
				"north": {"uv": [10.25, 2.25, 10.75, 2.75], "texture": "#layer0"},
				"east": {"uv": [11.25, 2.25, 11.75, 2.75], "texture": "#layer0"},
				"south": {"uv": [12.25, 2.25, 12.75, 2.75], "texture": "#layer0"},
				"west": {"uv": [13.25, 2.25, 13.75, 2.75], "texture": "#layer0"},
				"up": {"uv": [14.25, 2.25, 14.75, 2.75], "texture": "#layer0"},
				"down": {"uv": [15.25, 2.25, 15.75, 2.75], "texture": "#layer0"}
			}
		},
		{
			"from": [7.75, 5.75, 1],
			"to": [8.25, 6.75, 4],
			"rotation": {"angle": 0, "axis": "y", "origin": [7.25, 3.75, 14]},
			"faces": {
				"north": {"uv": [4.25, 2.25, 4.75, 2.75], "texture": "#layer0"},
				"east": {"uv": [5.25, 2.25, 5.75, 2.75], "texture": "#layer0"},
				"south": {"uv": [6.25, 2.25, 6.75, 2.75], "texture": "#layer0"},
				"west": {"uv": [7.25, 2.25, 7.75, 2.75], "texture": "#layer0"},
				"up": {"uv": [8.25, 2.25, 8.75, 2.75], "texture": "#layer0"},
				"down": {"uv": [9.25, 2.25, 9.75, 2.75], "texture": "#layer0"}
			}
		},
		{
			"from": [6.75, 3.75, 7.75],
			"to": [9.25, 6.25, 12.25],
			"rotation": {"angle": 0, "axis": "y", "origin": [7, 4, 23]},
			"faces": {
				"north": {"uv": [12.25, 0.25, 12.75, 0.75], "texture": "#layer0"},
				"east": {"uv": [13.25, 0.25, 13.75, 0.75], "texture": "#layer0"},
				"south": {"uv": [14.25, 0.25, 14.75, 0.75], "texture": "#layer0"},
				"west": {"uv": [15.25, 0.25, 15.75, 0.75], "texture": "#layer0"},
				"up": {"uv": [0.25, 1.25, 0.75, 1.75], "texture": "#layer0"},
				"down": {"uv": [1.25, 1.25, 1.75, 1.75], "texture": "#layer0"}
			}
		},
		{
			"from": [7, 4, 10.5],
			"to": [9, 5.75, 13.75],
			"rotation": {"angle": 0, "axis": "y", "origin": [7, 4, 25.5]},
			"faces": {
				"north": {"uv": [6.25, 0.25, 6.75, 0.75], "texture": "#layer0"},
				"east": {"uv": [7.25, 0.25, 7.75, 0.75], "texture": "#layer0"},
				"south": {"uv": [8.25, 0.25, 8.75, 0.75], "texture": "#layer0"},
				"west": {"uv": [9.25, 0.25, 9.75, 0.75], "texture": "#layer0"},
				"up": {"uv": [10.25, 0.25, 10.75, 0.75], "texture": "#layer0"},
				"down": {"uv": [11.25, 0.25, 11.75, 0.75], "texture": "#layer0"}
			}
		},
		{
			"from": [7, 4, -1],
			"to": [9, 6, 9.5],
			"rotation": {"angle": 0, "axis": "y", "origin": [7, 4, 14]},
			"faces": {
				"north": {"uv": [0.25, 0.25, 0.75, 0.75], "texture": "#layer0"},
				"east": {"uv": [1.25, 0.25, 1.75, 0.75], "texture": "#layer0"},
				"south": {"uv": [2.25, 0.25, 2.75, 0.75], "texture": "#layer0"},
				"west": {"uv": [3.25, 0.25, 3.75, 0.75], "texture": "#layer0"},
				"up": {"uv": [4.25, 0.25, 4.75, 0.75], "texture": "#layer0"},
				"down": {"uv": [5.25, 0.25, 5.75, 0.75], "texture": "#layer0"}
			}
		}
	],
	"display": {
		"thirdperson_righthand": {
			"translation": [0, 3, 0]
		},
		"firstperson_righthand": {
			"rotation": [0, 1, 0],
			"translation": [-4, 6.5, 0]
		},
		"firstperson_lefthand": {
			"translation": [-2, 6, 0]
		},
		"ground": {
			"scale": [0.75, 0.75, 0.75]
		},
		"gui": {
			"rotation": [90, 45, -90],
			"translation": [3.75, -0.25, 0],
			"scale": [0.75, 0.75, 0.75]
		},
		"head": {
			"rotation": [90, 54, -90],
			"translation": [3, -11.5, 4.75],
			"scale": [1.3, 1.3, 1.3]
		},
		"fixed": {
			"rotation": [0, 90, 0],
			"translation": [0.25, 2.75, 0],
			"scale": [0.75, 0.75, 0.75]
		}
	}
}