{
  "type": "minecraft:entity",
  "pools": [
    {
      "bonus_rolls": 0,
      "entries": [
        {
          "type": "minecraft:item",
          "name": "minecraft:string",
          "functions": [
            {
              "function": "minecraft:set_count",
              "count": {
                "type": "minecraft:uniform",
                "min": 1,
                "max": 1
              }
            },
            {
              "function": "minecraft:set_name",
              "name": {
                "text": "Pigs Tail [Works as String]",
                "color": "red",
                "italic": false
              }
            },
            {
              "function": "minecraft:set_components",
              "components": {
                "minecraft:max_stack_size": 4,
                "minecraft:item_model": "vhauledr:pigs_tail"
              }
            }
          ]
        },
        {
          "type": "minecraft:item",
          "functions": [
            {
              "add": false,
              "count": {
                "type": "minecraft:uniform",
                "max": 3,
                "min": 1
              },
              "function": "minecraft:set_count"
            },
            {
              "conditions": [
                {
                  "condition": "minecraft:any_of",
                  "terms": [
                    {
                      "condition": "minecraft:entity_properties",
                      "entity": "this",
                      "predicate": {
                        "flags": {
                          "is_on_fire": true
                        }
                      }
                    },
                    {
                      "condition": "minecraft:entity_properties",
                      "entity": "direct_attacker",
                      "predicate": {
                        "equipment": {
                          "mainhand": {
                            "predicates": {
                              "minecraft:enchantments": [
                                {
                                  "enchantments": "#minecraft:smelts_loot"
                                }
                              ]
                            }
                          }
                        }
                      }
                    }
                  ]
                }
              ],
              "function": "minecraft:furnace_smelt"
            },
            {
              "count": {
                "type": "minecraft:uniform",
                "max": 1,
                "min": 0
              },
              "enchantment": "minecraft:looting",
              "function": "minecraft:enchanted_count_increase"
            }
          ],
          "name": "minecraft:porkchop"
        }
      ],
      "rolls": 1
    }
  ],
  "random_sequence": "minecraft:entities/pig"
}