{
  "type": "minecraft:crafting_shaped",
  "category": "building",
  "key": {
    "#": "minecraft:activator_rail",
    "S": "minecraft:copper_ingot"
  },
  "pattern": [
    "###",
    "S#S",
    "###"
  ],
  "result": {
    "components": {
      "minecraft:item_name": "Bronze Anvil",
      "minecraft:item_model": "vhauledr:bronze_anvil",
      "minecraft:entity_data": {
        "id": "minecraft:item_frame",
        "Invulnerable": true,
        "Silent": true,
        "Item": {
          "id": "brick",
          "components": {
            "minecraft:custom_data": {
              "customBlock": "bronze_anvil"
            }
          }
        },
        "Invisible": true,
        "Fixed": true
      },
      "minecraft:max_stack_size": 1
    },
    "count": 1,
    "id": "minecraft:item_frame"
  }
}