{
  "type": "minecraft:crafting_shaped",
  "category": "building",
  "key": {
    "#": "minecraft:copper_block",
	"S": "minecraft:stick"
  },
  "pattern": [
    "###",
	"S S",
	"###"
  ],
  "result": {
    "components": {
      "minecraft:item_model": "vhauledr:copper_press",
      "minecraft:item_name": "Copper Press",
      "minecraft:attribute_modifiers": [
        {
          "type": "minecraft:block_interaction_range",
          "id": "copper_press191041",
          "amount": -4.5,
          "operation": "add_value",
          "slot": "hand"
        }
      ],
	  "minecraft:tooltip_display": {hidden_components:["attribute_modifiers"]}
    },
    "count": 1,
    "id": "minecraft:farmland"
  }
}