{
  "type": "minecraft:crafting_shaped",
  "category": "building",
  "key": {
    "#": "minecraft:activator_rail",
    "S": "#minecraft:planks"
  },
  "pattern": [
    "#S#",
    "S#S",
    "#S#"
  ],
  "result": {
    "components": {
      "minecraft:item_name": "Bronze Shield",
      "minecraft:attribute_modifiers": [
        {
          "type": "minecraft:entity_interaction_range",
          "id": "shield12020",
          "amount": -1,
          "operation": "add_value",
          "slot": "hand"
        }
      ],
	  "minecraft:tooltip_display": {hidden_components:["attribute_modifiers"]}
    },
    "count": 1,
    "id": "minecraft:shield"
  }
}